{
  "data" : [
    {
      "id": 1,
      "time": "00:00",
      "script": "-Thank you so much for coming back to our show."
    },
    {
      "id": 2,
      "time": "00:03",
      "script": "Is it -- Is it all flushing back to you?"
    },
    {
      "id": 3,
      "time": "00:06",
      "script": "-The trauma. The post-traumatic stress"
    },
    {
      "id": 4,
      "time": "00:08",
      "script": "of my last performance on the \"Jimmy Fallon Show.\""
    },
    {
      "id": 5,
      "time": "00:11",
      "script": "-Last time you were on this show,"
    },
    {
      "id": 6,
      "time": "00:13",
      "script": "and this is late night,"
    },    {
      "id": 7,
      "time": "00:14",
      "script": "we just had met."
    },    {
      "id": 8,
      "time": "00:16",
      "script": "We'd never met each other. -We'd never met before."
    },    {
      "id": 9,
      "time": "00:17",
      "script": "And you couldn't be nicer and sweeter"
    },    {
      "id": 10,
      "time": "00:18",
      "script": "and, gosh, I'm a fan of yours."
    },    {
      "id": 11,
      "time": "00:20",
      "script": "And you came out, and you sat just the way you're sitting,"
    }
  ]
}
